"0","library(tidyverse)"
"2","Registered S3 methods overwritten by 'dbplyr':
  method         from
  print.tbl_lazy     
  print.tbl_sql      
"
"2","[30m-- [1mAttaching packages[22m ------------------------ tidyverse 1.3.1 --[39m
"
"2","[30m[32mÃ¢Ë†Å¡[30m [34mggplot2[30m 3.3.5     [32mÃ¢Ë†Å¡[30m [34mpurrr  [30m 0.3.4
[32mÃ¢Ë†Å¡[30m [34mtibble [30m 3.1.6     [32mÃ¢Ë†Å¡[30m [34mdplyr  [30m 1.0.8
[32mÃ¢Ë†Å¡[30m [34mtidyr  [30m 1.2.0     [32mÃ¢Ë†Å¡[30m [34mstringr[30m 1.4.0
[32mÃ¢Ë†Å¡[30m [34mreadr  [30m 2.1.2     [32mÃ¢Ë†Å¡[30m [34mforcats[30m 0.5.1[39m
"
"2","[30m-- [1mConflicts[22m --------------------------- tidyverse_conflicts() --
[31mx[30m [34mdplyr[30m::[32mfilter()[30m masks [34mstats[30m::filter()
[31mx[30m [34mdplyr[30m::[32mlag()[30m    masks [34mstats[30m::lag()[39m
"
"0","library(dplyr)"
"0","library(ggplot2)"
"0","library(tidyr)"
"0","library(stringr)"
"0","library(janitor)"
"2","
Attaching package: â€˜janitorâ€™

"
"2","The following objects are masked from â€˜package:statsâ€™:

    chisq.test, fisher.test

"
